<?xml version="1.0" encoding="utf-8" ?>
<Defs>
  <RecipeDef ParentName="CookMealBase">
    <defName>RkM_CookSalad</defName>
    <label>cook ratkin salad</label>
    <description>Cook a ratkin salad from one ingredient.</description>
    <jobString>Cooking ratkin salad.</jobString>
    <workSpeedStat>CookSpeed</workSpeedStat>
    <requiredGiverWorkType>Cooking</requiredGiverWorkType>
    <effectWorking>Cook</effectWorking>
    <soundWorking>Recipe_CookMeal</soundWorking>
    <allowMixingIngredients>true</allowMixingIngredients>
    <ingredientValueGetterClass>IngredientValueGetter_Nutrition</ingredientValueGetterClass>
    <ingredients>
      <li>
        <filter>
		  <customSummary>vegetarian ingredients</customSummary>
          <categories>
            <li>PlantFoodRaw</li>
            <li>AnimalProductRaw</li>
          </categories>
        </filter>
        <count>0.5</count>
      </li>
    </ingredients>
    <products>
      <RkM_Salad>1</RkM_Salad>
    </products>
	<fixedIngredientFilter>
      <disallowedCategories>
        <li>MeatRaw</li>
      </disallowedCategories>
    </fixedIngredientFilter>
    <workSkill>Cooking</workSkill>
	<recipeUsers>
	  <li>ElectricStove</li>	
	  <li>FueledStove</li>			
	</recipeUsers>
  </RecipeDef>

  <RecipeDef ParentName="CookMealBase">
    <defName>RkM_CookSaladBulk</defName>
    <label>cook ratkin salads x4</label>
    <description>Cook 4 ratkin salads from one ingredient.</description>
    <jobString>Cooking 4 ratkin salads.</jobString>
    <workAmount>1200</workAmount>
    <workSpeedStat>CookSpeed</workSpeedStat>
    <requiredGiverWorkType>Cooking</requiredGiverWorkType>
    <effectWorking>Cook</effectWorking>
    <soundWorking>Recipe_CookMeal</soundWorking>
    <allowMixingIngredients>true</allowMixingIngredients>
    <ingredientValueGetterClass>IngredientValueGetter_Nutrition</ingredientValueGetterClass>
    <ingredients>
      <li>
        <filter>
		  <customSummary>vegetarian ingredients</customSummary>
          <categories>
            <li>PlantFoodRaw</li>
            <li>AnimalProductRaw</li>
          </categories>
        </filter>
        <count>2.0</count>
      </li>
    </ingredients>
    <products>
      <RkM_Salad>4</RkM_Salad>
    </products>
	<fixedIngredientFilter>
      <disallowedCategories>
        <li>MeatRaw</li>
      </disallowedCategories>
    </fixedIngredientFilter>
    <workSkill>Cooking</workSkill>
	<recipeUsers>
	  <li>ElectricStove</li>	
	  <li>FueledStove</li>			
	</recipeUsers>
  </RecipeDef>

  <RecipeDef ParentName="CookMealBase">
    <defName>RkM_CookMixedCongee</defName>
    <label>cook mixed congee</label>
    <description>Cook one bowls of mixed congee from one ingredient.</description>
    <jobString>Cooking mixed congee.</jobString>
    <workSpeedStat>CookSpeed</workSpeedStat>
    <requiredGiverWorkType>Cooking</requiredGiverWorkType>
    <effectWorking>Cook</effectWorking>
    <soundWorking>Recipe_CookMeal</soundWorking>
    <allowMixingIngredients>true</allowMixingIngredients>
    <ingredientValueGetterClass>IngredientValueGetter_Nutrition</ingredientValueGetterClass>
    <ingredients>
      <li>
        <filter>
          <categories>
            <li>FoodRaw</li>
          </categories>
        </filter>
        <count>0.3</count>
      </li>
    </ingredients>
    <products>
      <RkM_MixedCongee>1</RkM_MixedCongee>
    </products>
    <workSkill>Cooking</workSkill>
	<recipeUsers>
	  <li>ElectricStove</li>	
	  <li>FueledStove</li>			
	</recipeUsers>
  </RecipeDef>

  <RecipeDef ParentName="CookMealBase">
    <defName>RkM_CookMixedCongeeBulk</defName>
    <label>cook mixed congee x4</label>
    <description>Cook 4 bowls of mixed congee from one ingredient.</description>
    <jobString>Cooking 4 bowls of mixed congee.</jobString>
    <workAmount>1200</workAmount>
    <workSpeedStat>CookSpeed</workSpeedStat>
    <requiredGiverWorkType>Cooking</requiredGiverWorkType>
    <effectWorking>Cook</effectWorking>
    <soundWorking>Recipe_CookMeal</soundWorking>
    <allowMixingIngredients>true</allowMixingIngredients>
    <ingredientValueGetterClass>IngredientValueGetter_Nutrition</ingredientValueGetterClass>
    <ingredients>
      <li>
        <filter>
          <categories>
		    <li>FoodRaw</li>
          </categories>
        </filter>
        <count>1.2</count>
      </li>
    </ingredients>
    <products>
      <RkM_MixedCongee>4</RkM_MixedCongee>
    </products>
    <workSkill>Cooking</workSkill>
	<recipeUsers>
	  <li>ElectricStove</li>	
	  <li>FueledStove</li>			
	</recipeUsers>
  </RecipeDef>
  
</Defs>
