<?xml version="1.0" encoding="utf-8" ?>
<Defs>
  <!--炖菜-->
  <RecipeDef Name="RkM_CookStewBase" ParentName="CookMealBase" Abstract="True">
    <workSpeedStat>CookSpeed</workSpeedStat>
    <effectWorking>Cook</effectWorking>
    <soundWorking>Recipe_CookMeal</soundWorking>
    <allowMixingIngredients>true</allowMixingIngredients>
    <ingredientValueGetterClass>IngredientValueGetter_Nutrition</ingredientValueGetterClass>
    <skillRequirements>
      <Cooking>6</Cooking>
    </skillRequirements>
	<recipeUsers>
	  <li>ElectricStove</li>
	  <li>FueledStove</li>
	</recipeUsers>
  </RecipeDef>
  <!--肉素炖菜-->
  <RecipeDef ParentName="RkM_CookStewBase">
    <defName>RkM_CookMeatAndVegetableStew</defName>
    <label>cook ratkin meat and vegetable stew</label>
    <description>Cook one bowl of ratkin meat and vegetable stew from ingredients.</description>
    <jobString>Cooking ratkin meat and vegetable stew.</jobString>
    <ingredients>
      <li>
        <filter>
          <customSummary>protein</customSummary>
          <categories>
            <li>MeatRaw</li>
            <li>AnimalProductRaw</li>
          </categories>
        </filter>
        <count>0.25</count>
      </li>
      <li>
        <filter>
          <categories>
            <li>PlantFoodRaw</li>
          </categories>
        </filter>
        <count>0.25</count>
      </li>
    </ingredients>
    <products>
      <RkM_MeatAndVegetableStew>1</RkM_MeatAndVegetableStew>
    </products>
  </RecipeDef>
  <!--肉炖菜-->
  <RecipeDef ParentName="RkM_CookStewBase">
    <defName>RkM_CookMeatStew</defName>
    <label>cook ratkin meat stew</label>
    <description>Cook one bowl of ratkin meat stew from ingredients.</description>
    <jobString>Cooking ratkin meat stew.</jobString>
    <ingredients>
      <li>
        <filter>
          <categories>
            <li>MeatRaw</li>
          </categories>
        </filter>
        <count>0.75</count>
      </li>
    </ingredients>
    <fixedIngredientFilter>
      <disallowedCategories>
        <li>PlantFoodRaw</li>
        <li>AnimalProductRaw</li>
      </disallowedCategories>
    </fixedIngredientFilter>
    <products>
      <RkM_MeatStew>1</RkM_MeatStew>
    </products>
  </RecipeDef>
  <!--素炖菜-->
  <RecipeDef ParentName="RkM_CookStewBase">
    <defName>RkM_CookVegetableStew</defName>
    <label>cook ratkin vegetable stew</label>
    <description>Cook one bowl of ratkin vegetable stew from ingredients.</description>
    <jobString>Cooking ratkin vegetable stew.</jobString>
    <ingredients>
      <li>
        <filter>
          <customSummary>vegetarian ingredients</customSummary>
          <categories>
            <li>PlantFoodRaw</li>
            <li>AnimalProductRaw</li>
          </categories>
        </filter>
        <count>0.75</count>
      </li>
    </ingredients>
    <fixedIngredientFilter>
      <disallowedCategories>
        <li>MeatRaw</li>
      </disallowedCategories>
    </fixedIngredientFilter>
    <products>
      <RkM_VegetableStew>1</RkM_VegetableStew>
    </products>
  </RecipeDef>
  <!--4x肉素炖菜-->
  <RecipeDef ParentName="RkM_CookStewBase">
    <defName>RkM_CookMeatAndVegetableStewBulk</defName>
    <label>cook ratkin meat and vegetable stew x4</label>
    <description>Cook 4 bowls of ratkin meat and vegetable stew from ingredients.</description>
    <jobString>Cooking 4 bowls of ratkin meat and vegetable stew.</jobString>
    <ingredients>
      <li>
        <filter>
          <customSummary>protein</customSummary>
          <categories>
            <li>MeatRaw</li>
            <li>AnimalProductRaw</li>
          </categories>
        </filter>
        <count>1</count>
      </li>
      <li>
        <filter>
          <categories>
            <li>PlantFoodRaw</li>
          </categories>
        </filter>
        <count>1</count>
      </li>
    </ingredients>
    <products>
      <RkM_MeatAndVegetableStew>4</RkM_MeatAndVegetableStew>
    </products>
  </RecipeDef>
  <!--4x肉炖菜-->
  <RecipeDef ParentName="RkM_CookStewBase">
    <defName>RkM_CookMeatStewBulk</defName>
    <label>cook ratkin meat stew x4</label>
    <description>Cook 4 bowls of ratkin meat stew from ingredients.</description>
    <jobString>Cooking 4 bowls of ratkin meat stew.</jobString>
    <ingredients>
      <li>
        <filter>
          <categories>
            <li>MeatRaw</li>
          </categories>
        </filter>
        <count>3</count>
      </li>
    </ingredients>
    <fixedIngredientFilter>
      <disallowedCategories>
        <li>PlantFoodRaw</li>
        <li>AnimalProductRaw</li>
      </disallowedCategories>
    </fixedIngredientFilter>
    <products>
      <RkM_MeatStew>4</RkM_MeatStew>
    </products>
  </RecipeDef>
  <!--4x素炖菜-->
  <RecipeDef ParentName="RkM_CookStewBase">
    <defName>RkM_CookVegetableStewBulk</defName>
    <label>cook ratkin vegetable stew x4</label>
    <description>Cook 4 bowls of ratkin vegetable stew from ingredients.</description>
    <jobString>Cooking 4 bowls of ratkin vegetable stew.</jobString>
    <ingredients>
      <li>
        <filter>
          <customSummary>vegetarian ingredients</customSummary>
          <categories>
            <li>PlantFoodRaw</li>
            <li>AnimalProductRaw</li>
          </categories>
        </filter>
        <count>3</count>
      </li>
    </ingredients>
    <fixedIngredientFilter>
      <disallowedCategories>
        <li>MeatRaw</li>
      </disallowedCategories>
    </fixedIngredientFilter>
    <products>
      <RkM_VegetableStew>4</RkM_VegetableStew>
    </products>
  </RecipeDef>
  
  
  
  
  
  
  
  <!--肉素炖菜-->
  <RecipeDef ParentName="RkM_CookStewBase">
    <defName>RkM_CookMeatAndVegetableStew_S</defName>
    <label>cook ratkin meat and vegetable stew</label>
    <description>Cook one bowl of ratkin meat and vegetable stew from ingredients.</description>
    <jobString>Cooking ratkin meat and vegetable stew.</jobString>
	<recipeUsers>
	  <li>ElectricStove</li>
	</recipeUsers>
    <ingredients>
      <li>
        <filter>
          <customSummary>protein</customSummary>
          <categories>
            <li>MeatRaw</li>
            <li>AnimalProductRaw</li>
          </categories>
        </filter>
        <count>0.25</count>
      </li>
      <li>
        <filter>
          <categories>
            <li>PlantFoodRaw</li>
          </categories>
        </filter>
        <count>0.25</count>
      </li>
    </ingredients>
    <products/>
	<modExtensions>
	  <li Class="RkM.ModExtension_NutritionStorageRecipe"/>
	</modExtensions>
  </RecipeDef>
  <!--肉炖菜-->
  <RecipeDef ParentName="RkM_CookStewBase">
    <defName>RkM_CookMeatStew_S</defName>
    <label>cook ratkin meat stew</label>
    <description>Cook one bowl of ratkin meat stew from ingredients.</description>
    <jobString>Cooking ratkin meat stew.</jobString>
    <ingredients>
      <li>
        <filter>
          <categories>
            <li>MeatRaw</li>
          </categories>
        </filter>
        <count>0.75</count>
      </li>
    </ingredients>
    <fixedIngredientFilter>
      <disallowedCategories>
        <li>PlantFoodRaw</li>
        <li>AnimalProductRaw</li>
      </disallowedCategories>
    </fixedIngredientFilter>
    <modExtensions>
	  <li Class="RkM.ModExtension_NutritionStorageRecipe"/>
	</modExtensions>
  </RecipeDef>
  <!--素炖菜-->
  <RecipeDef ParentName="RkM_CookStewBase">
    <defName>RkM_CookVegetableStew_S</defName>
    <label>cook ratkin vegetable stew</label>
    <description>Cook one bowl of ratkin vegetable stew from ingredients.</description>
    <jobString>Cooking ratkin vegetable stew.</jobString>
	<workAmount>600</workAmount>
    <ingredients>
      <li>
        <filter>
          <customSummary>vegetarian ingredients</customSummary>
          <categories>
            <li>PlantFoodRaw</li>
            <li>AnimalProductRaw</li>
          </categories>
        </filter>
        <count>0.75</count>
      </li>
    </ingredients>
    <fixedIngredientFilter>
      <disallowedCategories>
        <li>MeatRaw</li>
      </disallowedCategories>
    </fixedIngredientFilter>
    <modExtensions>
	  <li Class="RkM.ModExtension_NutritionStorageRecipe"/>
	</modExtensions>
  </RecipeDef>
  <!--4x肉素炖菜-->
  <RecipeDef ParentName="RkM_CookStewBase">
    <defName>RkM_CookMeatAndVegetableStewBulk_S</defName>
    <label>cook ratkin meat and vegetable stew x4</label>
    <description>Cook 4 bowls of ratkin meat and vegetable stew from ingredients.</description>
    <jobString>Cooking 4 bowls of ratkin meat and vegetable stew.</jobString>
    <ingredients>
      <li>
        <filter>
          <customSummary>protein</customSummary>
          <categories>
            <li>MeatRaw</li>
            <li>AnimalProductRaw</li>
          </categories>
        </filter>
        <count>1</count>
      </li>
      <li>
        <filter>
          <categories>
            <li>PlantFoodRaw</li>
          </categories>
        </filter>
        <count>1</count>
      </li>
    </ingredients>
    <modExtensions>
	  <li Class="RkM.ModExtension_NutritionStorageRecipe"/>
	</modExtensions>
  </RecipeDef>
  <!--4x肉炖菜-->
  <RecipeDef ParentName="RkM_CookStewBase">
    <defName>RkM_CookMeatStewBulk_S</defName>
    <label>cook ratkin meat stew x4</label>
    <description>Cook 4 bowls of ratkin meat stew from ingredients.</description>
    <jobString>Cooking 4 bowls of ratkin meat stew.</jobString>
    <ingredients>
      <li>
        <filter>
          <categories>
            <li>MeatRaw</li>
          </categories>
        </filter>
        <count>3</count>
      </li>
    </ingredients>
    <fixedIngredientFilter>
      <disallowedCategories>
        <li>PlantFoodRaw</li>
        <li>AnimalProductRaw</li>
      </disallowedCategories>
    </fixedIngredientFilter>
    <modExtensions>
	  <li Class="RkM.ModExtension_NutritionStorageRecipe"/>
	</modExtensions>
  </RecipeDef>
  <!--4x素炖菜-->
  <RecipeDef ParentName="RkM_CookStewBase">
    <defName>RkM_CookVegetableStewBulk_S</defName>
    <label>cook ratkin vegetable stew x4</label>
    <description>Cook 4 bowls of ratkin vegetable stew from ingredients.</description>
    <jobString>Cooking 4 bowls of ratkin vegetable stew.</jobString>
    <ingredients>
      <li>
        <filter>
          <customSummary>vegetarian ingredients</customSummary>
          <categories>
            <li>PlantFoodRaw</li>
            <li>AnimalProductRaw</li>
          </categories>
        </filter>
        <count>3</count>
      </li>
    </ingredients>
    <fixedIngredientFilter>
      <disallowedCategories>
        <li>MeatRaw</li>
      </disallowedCategories>
    </fixedIngredientFilter>
    <modExtensions>
	  <li Class="RkM.ModExtension_NutritionStorageRecipe"/>
	</modExtensions>
  </RecipeDef>
  
  <!--肉素炖菜-->
  <RecipeDef ParentName="RkM_CookStewBase">
    <defName>RkM_CookMeatAndVegetableStew_G</defName>
    <label>cook ratkin meat and vegetable stew</label>
    <description>Cook one bowl of ratkin meat and vegetable stew from ingredients.</description>
    <jobString>Cooking ratkin meat and vegetable stew.</jobString>
    <products>
      <RkM_MeatAndVegetableStew>1</RkM_MeatAndVegetableStew>
    </products>
	<modExtensions>
	  <li Class="RkM.ModExtension_NutritionConsumeRecipe"/>
	</modExtensions>
  </RecipeDef>
  <!--肉炖菜-->
  <RecipeDef ParentName="RkM_CookStewBase">
    <defName>RkM_CookMeatStew_G</defName>
    <label>cook ratkin meat stew</label>
    <description>Cook one bowl of ratkin meat stew from ingredients.</description>
    <jobString>Cooking ratkin meat stew.</jobString>
    <products>
      <RkM_MeatStew>1</RkM_MeatStew>
    </products>
	<modExtensions>
	  <li Class="RkM.ModExtension_NutritionConsumeRecipe"/>
	</modExtensions>
  </RecipeDef>
  <!--素炖菜-->
  <RecipeDef ParentName="RkM_CookStewBase">
    <defName>RkM_CookVegetableStew_G</defName>
    <label>cook ratkin vegetable stew</label>
    <description>Cook one bowl of ratkin vegetable stew from ingredients.</description>
    <jobString>Cooking ratkin vegetable stew.</jobString>
    <products>
      <RkM_VegetableStew>1</RkM_VegetableStew>
    </products>
	<modExtensions>
	  <li Class="RkM.ModExtension_NutritionConsumeRecipe"/>
	</modExtensions>
  </RecipeDef>
  <!--4x肉素炖菜-->
  <RecipeDef ParentName="RkM_CookStewBase">
    <defName>RkM_CookMeatAndVegetableStewBulk_G</defName>
    <label>cook ratkin meat and vegetable stew x4</label>
    <description>Cook 4 bowls of ratkin meat and vegetable stew from ingredients.</description>
    <jobString>Cooking 4 bowls of ratkin meat and vegetable stew.</jobString>
    <products>
      <RkM_MeatAndVegetableStew>4</RkM_MeatAndVegetableStew>
    </products>
	<modExtensions>
	  <li Class="RkM.ModExtension_NutritionConsumeRecipe"/>
	</modExtensions>
  </RecipeDef>
  <!--4x肉炖菜-->
  <RecipeDef ParentName="RkM_CookStewBase">
    <defName>RkM_CookMeatStewBulk_G</defName>
    <label>cook ratkin meat stew x4</label>
    <description>Cook 4 bowls of ratkin meat stew from ingredients.</description>
    <jobString>Cooking 4 bowls of ratkin meat stew.</jobString>
    <fixedIngredientFilter>
      <disallowedCategories>
        <li>PlantFoodRaw</li>
        <li>AnimalProductRaw</li>
      </disallowedCategories>
    </fixedIngredientFilter>
    <products>
      <RkM_MeatStew>4</RkM_MeatStew>
    </products>
	<modExtensions>
	  <li Class="RkM.ModExtension_NutritionConsumeRecipe"/>
	</modExtensions>
  </RecipeDef>
  <!--4x素炖菜-->
  <RecipeDef ParentName="RkM_CookStewBase">
    <defName>RkM_CookVegetableStewBulk_G</defName>
    <label>cook ratkin vegetable stew x4</label>
    <description>Cook 4 bowls of ratkin vegetable stew from ingredients.</description>
    <jobString>Cooking 4 bowls of ratkin vegetable stew.</jobString>
    <fixedIngredientFilter>
      <disallowedCategories>
        <li>MeatRaw</li>
      </disallowedCategories>
    </fixedIngredientFilter>
    <products>
      <RkM_VegetableStew>4</RkM_VegetableStew>
    </products>
	<modExtensions>
	  <li Class="RkM.ModExtension_NutritionConsumeRecipe"/>
	</modExtensions>
  </RecipeDef>
</Defs>
